address;name;symbol;description
CELD2ker6Wfh5e3fLj1qg2gxsUPmbeKVHzbq8sVkPiUj;NFluentWebSite2;symbol1;description1
5Cqu7ZLuUDTyeo68haXtL1c4zrL2gJygpyWjX6GSAWaf;MyRealTest2;symbol2;description2
H5Bjxj8S2pp9SWGYh8BJe6CT7p7pHQwGig5jheAL5d2N;MyRealTest3;symbol3;description3
3EjCU3uAF9Jxv8bwdEA9J4776y3rpsfJJ5Uu7MyRjFuf;MyRealTest4;symbol4;description4
HMHt6zokZTx4ZhLm2vaDRhAgu6L4HCmAP3QhoukVCfs2;MyRealTest5;symbol5;description5
6BPgJwPdYT9JLkPwHbLNW9xV4TtcvXp7xY4uDnUu79Le;MyRealTest6;symbol6;description6
6t9QREtX5QWjMZ2Puui21C68WUXmRqN4hqtMziHTa4ZZ;MyRealTest7;symbol7;description7
A1wCevrAmorTefqeQzMs5MajVkXDLVMwdnAPE23ctQ9Z;MyRealTest8;symbol8;description8
4ZaeAnk2dvqmt1w9Nc5kAeeqgooR6u6QZSWRzmo6qpJ2;MyRealTest9;symbol9;description9
